{
  "threshold": 0.9182899594306946,
  "precision": 1.0,
  "recall": 0.8823529411764706,
  "f1": 0.9375,
  "AP": 0.9921623145870377,
  "support": 1229
}